{
  "cutoffs": [
    5000,
    10000,
    20000,
    50000,
    100000,
    500000,
    1000000,
    2000000
  ],
  "view": {
    "width": 3200,
    "height": 3200,
    "zoom": 80.5,
    "center": [
      -0.529854097,
      -0.667968575
    ]
  },
  "samples": 2000000,
  "warm_up_samples": 2000
}
