{
  "cutoffs": [
    10000,
    30000,
    60000,
    10000,
    70000,
    1200000
  ],
  "view": {
    "width": 4000,
    "height": 4000,
    "zoom": 1275,
    "center": [
      -0.647663050,
      0.380700836
    ]
  },
  "samples": 20000,
  "warm_up_samples": 1000
}
