{
  "cutoffs": [
    100,
    1000,
    5000,
    10000,
    20000,
    50000
  ],
  "view": {
    "width": 1200,
    "height": 1200,
    "zoom": 70.5,
    "center": [
      -0.657560793,
      0.467732884
    ]
  },
  "samples": 200000,
  "warm_up_samples": 2000
}
