{
  "colors": [

    [0, 49, 41],
    [255, 70, 231],
    [252, 247, 1]
],  "powers": [
    1.0,
    1.0,
    1.0
  ],
  "background_color": [
    0.02843,
    0.02667,
    0.02235
  ]
}
