{
  "cutoffs": [
    10000,
    30000,
    60000,
    10000,
    70000,
    1200000,
    2000000
  ],
  "view": {
    "width": 3200,
    "height": 3200,
    "zoom": 4000,
    "center": [
      0.443108035,
      0.345012263
    ]
  },
  "samples": 20000,
  "warm_up_samples": 1000
}
