{
  "cutoffs": [
    10000,
    30000,
    60000,
    120000
  ],
  "view": {
    "width": 2000,
    "height": 2000,
    "zoom": 1275,
    "center": [
      -0.647663050,
      0.380700836
    ]
  },
  "samples": 200000,
  "warm_up_samples": 5000
}
