{
  "cutoffs": [
    {
      "cutoff": 30000,
      "color": [
        1.0,
        0.0,
        0.0
      ]
    },
    {
      "cutoff": 50000,
      "color": [
        0.0,
        1.0,
        0.0
      ]
    },
    {
      "cutoff": 70000,
      "color": [
        0.0,
        0.0,
        1.0
      ]
    }
  ],
  "view": {
    "width": 400,
    "height": 400,
    "zoom": 0.70,
    "center": [
      -0.657560793,
      0.467732884
    ]
  },
  "metro_instances": 700,
  "samples": 1000,
  "warm_up_samples": 2000
}
