{
  "colors": [
    [76, 43, 54],
    [141, 99, 70],
    [221, 244, 91]
],  "powers": [
    1.0,
    1.0,
    1.0
  ],
  "background_color": [
    0.07843,
    0.06667,
    0.08235
  ]
}
